MOTIF_INDEX	MOTIF_SOURCE	MOTIF_ID	ALT_ID	CONSENSUS	WIDTH	SITES	E-VALUE	E-VALUE_SOURCE	MOST_SIMILAR_MOTIF_SOURCE	MOST_SIMILAR_MOTIF	URL
1	DREME	CCDCCKCC	DREME-1	CCDCCKCC	8	9864	1.0e-276	DREME	db/HUMAN/HOCOMOCOv11_full_HUMAN_mono_meme_format.meme	TAF1_HUMAN.H11MO.0.A	http://hocomoco.autosome.ru/motif/TAF1_HUMAN.H11MO.0.A
2	DREME	GGGYGGGR	DREME-2	GGGYGGGR	8	7655	4.0e-223	DREME	db/HUMAN/HOCOMOCOv11_full_HUMAN_mono_meme_format.meme	SP1_HUMAN.H11MO.1.A	http://hocomoco.autosome.ru/motif/SP1_HUMAN.H11MO.1.A
3	MEME	DWAWHHAHWWHWNWAAHAAAWMWAWAWAW	MEME-1	DWAWHHAHWWHWNWAAHAAAWMWAWAWAW	29	5940	1.7e-206	MEME	db/HUMAN/HOCOMOCOv11_full_HUMAN_mono_meme_format.meme	CPEB1_HUMAN.H11MO.0.D	http://hocomoco.autosome.ru/motif/CPEB1_HUMAN.H11MO.0.D
4	DREME	RGGAAR	DREME-3	RGGAAR	6	20456	3.1e-183	DREME	db/HUMAN/HOCOMOCOv11_full_HUMAN_mono_meme_format.meme	ETS2_HUMAN.H11MO.0.B	http://hocomoco.autosome.ru/motif/ETS2_HUMAN.H11MO.0.B
5	DREME	CBGGRA	DREME-4	CBGGRA	6	22120	3.3e-130	DREME	db/HUMAN/HOCOMOCOv11_full_HUMAN_mono_meme_format.meme	ZF64A_HUMAN.H11MO.0.D	http://hocomoco.autosome.ru/motif/ZF64A_HUMAN.H11MO.0.D
6	MEME	GGVGGCGGRGGCGGSGGSGGSGSSGGSGG	MEME-2	GGVGGCGGRGGCGGSGGSGGSGSSGGSGG	29	11522	4.7e-111	MEME	db/HUMAN/HOCOMOCOv11_full_HUMAN_mono_meme_format.meme	SP2_HUMAN.H11MO.0.A	http://hocomoco.autosome.ru/motif/SP2_HUMAN.H11MO.0.A
7	DREME	DAAATR	DREME-5	DAAATR	6	10182	2.7e-102	DREME	db/HUMAN/HOCOMOCOv11_full_HUMAN_mono_meme_format.meme	MEF2C_HUMAN.H11MO.0.A	http://hocomoco.autosome.ru/motif/MEF2C_HUMAN.H11MO.0.A
8	DREME	GCDGCNGC	DREME-6	GCDGCNGC	8	6305	1.3e-089	DREME	db/HUMAN/HOCOMOCOv11_full_HUMAN_mono_meme_format.meme	TAF1_HUMAN.H11MO.0.A	http://hocomoco.autosome.ru/motif/TAF1_HUMAN.H11MO.0.A
9	DREME	AVWCAC	DREME-7	AVWCAC	6	9754	3.6e-065	DREME	db/HUMAN/HOCOMOCOv11_full_HUMAN_mono_meme_format.meme	ZSCA4_HUMAN.H11MO.0.D	http://hocomoco.autosome.ru/motif/ZSCA4_HUMAN.H11MO.0.D
10	MEME	GTGGCKCACGCCTGTAATCCCAGCWMYTTG	MEME-3	GTGGCKCACGCCTGTAATCCCAGCWMYTTG	30	239	1.7e-056	MEME	db/HUMAN/HOCOMOCOv11_full_HUMAN_mono_meme_format.meme	PITX2_HUMAN.H11MO.0.D	http://hocomoco.autosome.ru/motif/PITX2_HUMAN.H11MO.0.D
11	DREME	AABATGGC	DREME-8	AABATGGC	8	638	1.1e-055	DREME	db/HUMAN/HOCOMOCOv11_full_HUMAN_mono_meme_format.meme	TYY1_HUMAN.H11MO.0.A	http://hocomoco.autosome.ru/motif/TYY1_HUMAN.H11MO.0.A
12	DREME	KTCTCY	DREME-9	KTCTCY	6	12199	5.6e-055	DREME	 	 	 
13	DREME	GCCTGTAA	DREME-10	GCCTGTAA	8	334	1.8e-049	DREME	 	 	 
14	DREME	ACGTSAY	DREME-11	ACGTSAY	7	1003	5.9e-041	DREME	db/HUMAN/HOCOMOCOv11_full_HUMAN_mono_meme_format.meme	ATF3_HUMAN.H11MO.0.A	http://hocomoco.autosome.ru/motif/ATF3_HUMAN.H11MO.0.A
15	DREME	AAAMARAA	DREME-12	AAAMARAA	8	2266	1.1e-040	DREME	db/HUMAN/HOCOMOCOv11_full_HUMAN_mono_meme_format.meme	CPEB1_HUMAN.H11MO.0.D	http://hocomoco.autosome.ru/motif/CPEB1_HUMAN.H11MO.0.D
16	DREME	GGCTGBR	DREME-13	GGCTGBR	7	7865	8.5e-037	DREME	db/HUMAN/HOCOMOCOv11_full_HUMAN_mono_meme_format.meme	KLF5_HUMAN.H11MO.0.A	http://hocomoco.autosome.ru/motif/KLF5_HUMAN.H11MO.0.A
17	DREME	GAGGCBGA	DREME-14	GAGGCBGA	8	1301	2.0e-030	DREME	db/HUMAN/HOCOMOCOv11_full_HUMAN_mono_meme_format.meme	ZN770_HUMAN.H11MO.1.C	http://hocomoco.autosome.ru/motif/ZN770_HUMAN.H11MO.1.C
18	DREME	CGCATGCG	DREME-15	CGCATGCG	8	239	7.2e-029	DREME	db/HUMAN/HOCOMOCOv11_full_HUMAN_mono_meme_format.meme	NRF1_HUMAN.H11MO.0.A	http://hocomoco.autosome.ru/motif/NRF1_HUMAN.H11MO.0.A
19	DREME	CAGRWA	DREME-16	CAGRWA	6	5383	9.3e-029	DREME	db/HUMAN/HOCOMOCOv11_full_HUMAN_mono_meme_format.meme	TEAD3_HUMAN.H11MO.0.D	http://hocomoco.autosome.ru/motif/TEAD3_HUMAN.H11MO.0.D
20	DREME	TGCAGTGR	DREME-17	TGCAGTGR	8	610	1.5e-028	DREME	db/HUMAN/HOCOMOCOv11_full_HUMAN_mono_meme_format.meme	SOX8_HUMAN.H11MO.0.D	http://hocomoco.autosome.ru/motif/SOX8_HUMAN.H11MO.0.D
21	DREME	RGCTCCGS	DREME-18	RGCTCCGS	8	2343	2.3e-023	DREME	db/HUMAN/HOCOMOCOv11_full_HUMAN_mono_meme_format.meme	THAP1_HUMAN.H11MO.0.C	http://hocomoco.autosome.ru/motif/THAP1_HUMAN.H11MO.0.C
22	DREME	GTTTCACY	DREME-19	GTTTCACY	8	372	3.0e-017	DREME	db/HUMAN/HOCOMOCOv11_full_HUMAN_mono_meme_format.meme	IRF4_HUMAN.H11MO.0.A	http://hocomoco.autosome.ru/motif/IRF4_HUMAN.H11MO.0.A
23	DREME	AAATTAGC	DREME-20	AAATTAGC	8	201	4.4e-016	DREME	db/HUMAN/HOCOMOCOv11_full_HUMAN_mono_meme_format.meme	VSX2_HUMAN.H11MO.0.D	http://hocomoco.autosome.ru/motif/VSX2_HUMAN.H11MO.0.D
24	DREME	AGCCAATS	DREME-21	AGCCAATS	8	328	6.2e-015	DREME	db/HUMAN/HOCOMOCOv11_full_HUMAN_mono_meme_format.meme	CEBPZ_HUMAN.H11MO.0.D	http://hocomoco.autosome.ru/motif/CEBPZ_HUMAN.H11MO.0.D
25	DREME	ATCTCGGC	DREME-22	ATCTCGGC	8	218	1.4e-014	DREME	db/HUMAN/HOCOMOCOv11_full_HUMAN_mono_meme_format.meme	THAP1_HUMAN.H11MO.0.C	http://hocomoco.autosome.ru/motif/THAP1_HUMAN.H11MO.0.C
26	DREME	CTGTCRCC	DREME-23	CTGTCRCC	8	563	2.0e-014	DREME	db/HUMAN/HOCOMOCOv11_full_HUMAN_mono_meme_format.meme	SMAD2_HUMAN.H11MO.0.A	http://hocomoco.autosome.ru/motif/SMAD2_HUMAN.H11MO.0.A
27	DREME	CACTTTGG	DREME-24	CACTTTGG	8	262	1.1e-013	DREME	 	 	 

# MEME-ChIP (Motif Analysis of Large Nucleotide Datasets): Version 5.1.1 released on Wed Jan 29 15:00:42 2020 -0800
# The format of this file is described at http://meme-suite.org//doc/meme-chip-output-format.html
# meme-chip -oc . -time 300 -ccut 100 -order 1 -db db/HUMAN/HOCOMOCOv11_full_HUMAN_mono_meme_format.meme -meme-mod zoops -meme-minw 6 -meme-maxw 30 -meme-nmotifs 3 -meme-searchsize 100000 -dreme-e 0.05 -centrimo-score 5.0 -centrimo-ethresh 10.0 intersect_E1_f0.7.fasta
