Query_ID	Target_ID	Optimal_offset	p-value	E-value	q-value	Overlap	Query_consensus	Target_consensus	Orientation
CCDCCKCC	TAF1_HUMAN.H11MO.0.A	3	5.8922e-08	4.5311e-05	8.88317e-05	8	CCGCCGCC	CCGCCGCCGCCATCTT	-
CCDCCKCC	ZSC22_HUMAN.H11MO.0.C	0	3.09811e-05	0.0238244	0.0233537	8	CCGCCGCC	CCTCCTCCCTCAGACC	-
CCDCCKCC	SP2_HUMAN.H11MO.1.B	3	0.000299182	0.230071	0.127783	8	CCGCCGCC	GCCCCGCCCCCT	-
CCDCCKCC	ZN263_HUMAN.H11MO.1.A	0	0.000373047	0.286873	0.127783	8	CCGCCGCC	CCTCCTCCCTC	-
CCDCCKCC	WT1_HUMAN.H11MO.1.B	0	0.000424474	0.326421	0.127783	8	CCGCCGCC	CCTCCTCCCAC	-
CCDCCKCC	EGR4_HUMAN.H11MO.0.D	3	0.000593369	0.456301	0.127783	8	CCGCCGCC	GCCCTGCCGCC	-
CCDCCKCC	ZN263_HUMAN.H11MO.0.A	11	0.000642545	0.494117	0.127783	8	CCGCCGCC	CTCCTCCTCTCCCTCCTCCC	-
CCDCCKCC	ZN436_HUMAN.H11MO.0.C	0	0.000737928	0.567467	0.127783	8	CCGCCGCC	CCTCCTCCAGGAAGCCTTCCCTGA	-
CCDCCKCC	SP1_HUMAN.H11MO.1.A	5	0.000901306	0.693104	0.127783	8	CCGCCGCC	CGGCCCCGCCCCCC	-
CCDCCKCC	SP4_HUMAN.H11MO.1.A	5	0.000951172	0.731451	0.127783	8	CCGCCGCC	CGGCCCCGCCCCCTCC	-
CCDCCKCC	E2F4_HUMAN.H11MO.0.A	5	0.00101696	0.782044	0.127783	8	CCGCCGCC	ATTTCCCGCCCCC	-
CCDCCKCC	SP2_HUMAN.H11MO.0.A	9	0.0010171	0.782153	0.127783	8	CCGCCGCC	CCCCCGGCCCCGCCCCCCCCCC	-
CCDCCKCC	SP3_HUMAN.H11MO.0.B	8	0.00113394	0.872004	0.129387	8	CCGCCGCC	CCCCGGCCCCGCCCCCCCCC	-
CCDCCKCC	ZFX_HUMAN.H11MO.1.A	6	0.00128482	0.988027	0.129387	8	CCGCCGCC	CCCCGGCCTCCGCCCCC	-
CCDCCKCC	SP4_HUMAN.H11MO.0.A	7	0.00128733	0.98996	0.129387	8	CCGCCGCC	CCCGGCCCCGCCCCCTTCCC	-
GGGYGGGR	SP1_HUMAN.H11MO.1.A	3	1.26903e-06	0.000975887	0.00137323	8	GGGCGGGG	GGGGGGCGGGGCCG	+
GGGYGGGR	KLF12_HUMAN.H11MO.0.C	2	1.83281e-06	0.00140943	0.00137323	8	GGGCGGGG	AGGGGCGGGGC	+
GGGYGGGR	KLF3_HUMAN.H11MO.0.B	6	3.60341e-06	0.00277102	0.0016874	8	GGGCGGGG	GGGGAGGGGCGGGGCCGGG	+
GGGYGGGR	SP1_HUMAN.H11MO.0.A	3	4.50426e-06	0.00346378	0.0016874	8	GGGCGGGG	GGGGGGCGGGGCCGGGGGGGGG	+
GGGYGGGR	SP2_HUMAN.H11MO.1.B	3	7.17546e-06	0.00551793	0.00215047	8	GGGCGGGG	AGGGGGCGGGGC	+
GGGYGGGR	SP2_HUMAN.H11MO.0.A	7	1.32311e-05	0.0101747	0.00330445	8	GGGCGGGG	GGGGGGGGGGCGGGGCCGGGGG	+
GGGYGGGR	SP3_HUMAN.H11MO.0.B	6	1.86561e-05	0.0143465	0.00399371	8	GGGCGGGG	GGGGGGGGGCGGGGCCGGGG	+
GGGYGGGR	KLF1_HUMAN.H11MO.0.A	1	2.64123e-05	0.0203111	0.00494733	8	GGGCGGGG	GGGGCGGGGCCGGG	+
GGGYGGGR	KLF6_HUMAN.H11MO.0.A	4	3.46381e-05	0.0266367	0.00559564	8	GGGCGGGG	GGAAGGGCGGGGCCGGGGG	+
GGGYGGGR	SP4_HUMAN.H11MO.1.A	5	4.28671e-05	0.0329648	0.00559564	8	GGGCGGGG	GGAGGGGGCGGGGCCG	+
GGGYGGGR	KLF16_HUMAN.H11MO.0.D	2	4.52778e-05	0.0348186	0.00559564	8	GGGCGGGG	GGGGGCGGGGGGGGGGGGG	+
GGGYGGGR	EGR1_HUMAN.H11MO.0.A	8	4.763e-05	0.0366275	0.00559564	8	GGGCGGGG	GAGGGCGTGGGCGGGGG	+
GGGYGGGR	KLF4_HUMAN.H11MO.0.A	1	4.85443e-05	0.0373306	0.00559564	8	GGGCGGGG	AGGGTGTGGC	+
GGGYGGGR	SP4_HUMAN.H11MO.0.A	7	5.53153e-05	0.0425375	0.00592069	8	GGGCGGGG	GGGAAGGGGGCGGGGCCGGG	+
GGGYGGGR	EGR2_HUMAN.H11MO.1.A	7	8.88529e-05	0.0683279	0.00887636	8	GGGCGGGG	GGGGCGTGGGCGGGGG	+
GGGYGGGR	E2F4_HUMAN.H11MO.0.A	2	0.00010356	0.0796374	0.00969896	8	GGGCGGGG	GGGGGCGGGAAAT	+
GGGYGGGR	MAZ_HUMAN.H11MO.1.A	2	0.000144989	0.111496	0.0127803	8	GGGCGGGG	GAGGGAGGGGG	+
GGGYGGGR	TBX15_HUMAN.H11MO.0.D	10	0.000158769	0.122093	0.0132174	8	GGGCGGGG	GGGGGGGGGGGGGTGGGGG	+
GGGYGGGR	KLF5_HUMAN.H11MO.0.A	1	0.000198771	0.152855	0.0156767	8	GGGCGGGG	AGGGTGGGGCTGGG	+
GGGYGGGR	EGR2_HUMAN.H11MO.0.A	10	0.000215415	0.165654	0.0161311	8	GGGCGGGG	GGGGGGGTGTGGGAGGGG	+
GGGYGGGR	E2F7_HUMAN.H11MO.0.B	1	0.000231095	0.177712	0.0161311	8	GGGCGGGG	GGGGCGGGAAAGG	+
GGGYGGGR	E2F3_HUMAN.H11MO.0.A	1	0.000236827	0.18212	0.0161311	8	GGGCGGGG	AGGGCGGGAAA	+
GGGYGGGR	KLF9_HUMAN.H11MO.0.C	5	0.000256704	0.197405	0.0161637	8	GGGCGGGG	GGAGGGGGCGTGGCC	+
GGGYGGGR	PATZ1_HUMAN.H11MO.0.C	7	0.000258879	0.199078	0.0161637	8	GGGCGGGG	GGGGAGGGGGCGGGGGGGGAGG	+
GGGYGGGR	E2F1_HUMAN.H11MO.0.A	3	0.000286445	0.220276	0.0171694	8	GGGCGGGG	GGGGGGCGGGAAAG	+
GGGYGGGR	EGR4_HUMAN.H11MO.0.D	2	0.000329421	0.253325	0.0183738	8	GGGCGGGG	GGCGGCAGGGC	+
GGGYGGGR	E2F6_HUMAN.H11MO.0.A	1	0.000332538	0.255722	0.0183738	8	GGGCGGGG	GGGGCGGGAAGGG	+
GGGYGGGR	TFDP1_HUMAN.H11MO.0.C	3	0.000343323	0.264016	0.0183738	8	GGGCGGGG	GGGGGGCGGGAAAA	+
GGGYGGGR	ZN148_HUMAN.H11MO.0.D	1	0.000369324	0.28401	0.0190838	8	GGGCGGGG	GGGGTGGGGGAGGGG	+
GGGYGGGR	KLF14_HUMAN.H11MO.0.D	4	0.000400258	0.307798	0.0199928	8	GGGCGGGG	AGGGGGGCGTGGC	+
GGGYGGGR	PATZ1_HUMAN.H11MO.1.C	1	0.000416027	0.319925	0.0201101	8	GGGCGGGG	AGGGAGGGG	+
GGGYGGGR	ZN281_HUMAN.H11MO.0.A	0	0.000647005	0.497547	0.0302979	8	GGGCGGGG	GGGTGGGGGAGGGGA	+
GGGYGGGR	SRBP2_HUMAN.H11MO.0.B	0	0.000715972	0.550583	0.0325115	8	GGGCGGGG	GGGTGGGGTGAGG	+
GGGYGGGR	WT1_HUMAN.H11MO.0.C	0	0.000761964	0.58595	0.0335823	8	GGGCGGGG	GGGCGGGGGAGGAGGGGGGG	+
GGGYGGGR	ZBT17_HUMAN.H11MO.0.A	2	0.000901825	0.693504	0.0386108	8	GGGCGGGG	GAGGGTGGGGGAGGGGAAG	+
GGGYGGGR	TBX1_HUMAN.H11MO.0.D	4	0.000976145	0.750655	0.0406318	8	GGGCGGGG	GGGTGGGCAGGGGTGGGCGG	+
GGGYGGGR	KLF15_HUMAN.H11MO.0.A	1	0.00111359	0.856354	0.0451004	8	GGGCGGGG	GGGGAGGAGCAGGGGGGGG	+
RGGAAR	ETS2_HUMAN.H11MO.0.B	3	3.12169e-06	0.00240058	0.00469038	6	GGGAAG	GGAAGGAAGAGGA	+
RGGAAR	ETV7_HUMAN.H11MO.0.D	1	8.93507e-05	0.0687107	0.0671253	6	GGGAAG	CAGGAAG	+
RGGAAR	NFAT5_HUMAN.H11MO.0.D	2	0.000149791	0.115189	0.0750207	6	GGGAAG	AGAGGAAAAGG	+
RGGAAR	ETV6_HUMAN.H11MO.0.D	2	0.000455734	0.350459	0.111458	6	GGGAAG	ACAGGAAGT	+
RGGAAR	ETV5_HUMAN.H11MO.0.C	4	0.000478168	0.367711	0.111458	6	GGGAAG	GAGCAGGAAGTGAG	+
RGGAAR	ETV4_HUMAN.H11MO.0.B	3	0.000512537	0.394141	0.111458	6	GGGAAG	AACAGGAAGGG	+
RGGAAR	BC11A_HUMAN.H11MO.0.A	5	0.000535984	0.412172	0.111458	6	GGGAAG	AAAAGAGGAAGTGAAAA	+
RGGAAR	STAT4_HUMAN.H11MO.0.A	5	0.000593448	0.456362	0.111458	6	GGGAAG	CTTCCAGGAAA	-
RGGAAR	E2F1_HUMAN.H11MO.0.A	7	0.00089004	0.684441	0.118343	6	GGGAAG	GGGGGGCGGGAAAG	+
RGGAAR	ELF3_HUMAN.H11MO.0.A	5	0.00089004	0.684441	0.118343	6	GGGAAG	GAACCAGGAAGTGG	+
RGGAAR	ZN528_HUMAN.H11MO.0.C	4	0.00128085	0.984974	0.118343	6	GGGAAG	CCCAGGGAAGCCATTTCTGA	+
RGGAAR	E2F3_HUMAN.H11MO.0.A	5	0.00129987	0.999602	0.118343	6	GGGAAG	AGGGCGGGAAA	+
CBGGRA	ZF64A_HUMAN.H11MO.0.D	5	0.00128658	0.989376	0.518583	6	CCGGGA	GGGGCCCGGGAACCTG	+
DAAATR	MEF2C_HUMAN.H11MO.0.A	4	0.000674206	0.518465	0.319356	6	AAAATA	GCTAAAAATAGCA	-
DAAATR	MEF2D_HUMAN.H11MO.0.A	3	0.0007298	0.561216	0.319356	6	AAAATA	CTAAAAATAGCA	-
DAAATR	MEF2B_HUMAN.H11MO.0.A	3	0.00075845	0.583248	0.319356	6	AAAATA	CCAAAAATAGCAAC	-
DAAATR	MEF2A_HUMAN.H11MO.0.A	4	0.000834014	0.641357	0.319356	6	AAAATA	GCTAAAAATAGAA	-
DAAATR	HMGA1_HUMAN.H11MO.0.D	0	0.00112228	0.863031	0.343789	6	AAAATA	AAAATAC	-
GCDGCNGC	TAF1_HUMAN.H11MO.0.A	6	7.20457e-05	0.0554031	0.110806	8	GCGGCGGC	AAGATGGCGGCGGCGG	+
AVWCAC	ZSCA4_HUMAN.H11MO.0.D	5	0.00076477	0.588108	1	6	ACACAC	AGTGCACACACT	-
AABATGGC	TYY1_HUMAN.H11MO.0.A	1	1.34317e-05	0.010329	0.0206538	8	AAGATGGC	CAAGATGGCGGC	+
AABATGGC	THAP1_HUMAN.H11MO.0.C	10	5.51565e-05	0.0424153	0.0424068	8	AAGATGGC	GCCCGCAGCCAAGATGGCGGCG	-
AABATGGC	ZFP42_HUMAN.H11MO.0.A	0	0.00038786	0.298264	0.198803	8	AAGATGGC	AAAATGGCTGCC	-
AABATGGC	ZBTB4_HUMAN.H11MO.0.D	2	0.0012204	0.938484	0.291333	8	AAGATGGC	CCTAGATGGCAGGTGGG	+
AABATGGC	TYY2_HUMAN.H11MO.0.D	0	0.00122557	0.942463	0.291333	8	AAGATGGC	AAAATGGCGGC	+
ACGTSAY	ATF3_HUMAN.H11MO.0.A	3	4.18329e-07	0.000321695	0.000627066	7	ACGTCAC	ATCACGTCACC	-
ACGTSAY	CREB3_HUMAN.H11MO.0.D	4	3.541e-05	0.0272303	0.0157348	7	ACGTCAC	TGCCACGTCACCA	-
ACGTSAY	ATF1_HUMAN.H11MO.0.B	2	4.19879e-05	0.0322887	0.0157348	7	ACGTCAC	TGACGTCACCG	-
ACGTSAY	ATF2_HUMAN.H11MO.2.C	3	4.19879e-05	0.0322887	0.0157348	7	ACGTCAC	GTGACGTCATC	-
ACGTSAY	ATF7_HUMAN.H11MO.0.D	3	8.744e-05	0.0672414	0.0216004	7	ACGTCAC	ATGACGTCATC	-
ACGTSAY	CREB5_HUMAN.H11MO.0.D	3	8.744e-05	0.0672414	0.0216004	7	ACGTCAC	ATGACGTCATC	-
ACGTSAY	CREB1_HUMAN.H11MO.0.A	2	0.000100871	0.0775695	0.0216004	7	ACGTCAC	TGACGTCATCG	-
ACGTSAY	JDP2_HUMAN.H11MO.0.D	5	0.000138089	0.106191	0.0236674	7	ACGTCAC	TGATGACGTCAT	+
ACGTSAY	TFEB_HUMAN.H11MO.0.C	1	0.000142101	0.109276	0.0236674	7	ACGTCAC	CACGTGACC	-
ACGTSAY	TFE3_HUMAN.H11MO.0.B	2	0.000224137	0.172361	0.0305623	7	ACGTCAC	TCACGTGACC	-
ACGTSAY	E4F1_HUMAN.H11MO.0.D	1	0.000250433	0.192583	0.0305623	7	ACGTCAC	GACGTCACG	-
ACGTSAY	ATF6A_HUMAN.H11MO.0.B	2	0.000284182	0.218536	0.0305623	7	ACGTCAC	CCACGTCACCAC	-
ACGTSAY	MITF_HUMAN.H11MO.0.A	2	0.000285443	0.219505	0.0305623	7	ACGTCAC	TCACGTGACC	+
ACGTSAY	USF1_HUMAN.H11MO.0.A	4	0.000364711	0.280463	0.0364463	7	ACGTCAC	GGTCACGTGACC	-
ACGTSAY	CR3L2_HUMAN.H11MO.0.D	4	0.00063045	0.484816	0.056645	7	ACGTCAC	TGCCACGTCATCA	-
ACGTSAY	ATF2_HUMAN.H11MO.0.B	3	0.000642414	0.494016	0.056645	7	ACGTCAC	ATGACGTCATC	-
ACGTSAY	XBP1_HUMAN.H11MO.0.D	3	0.000686544	0.527952	0.0571731	7	ACGTCAC	GCCACGTCAGC	-
ACGTSAY	USF2_HUMAN.H11MO.0.A	10	0.000790039	0.60754	0.0592126	7	ACGTCAC	CGCCGCGGCCACGTGACCC	-
ACGTSAY	EPAS1_HUMAN.H11MO.0.B	2	0.000914402	0.703175	0.06527	7	ACGTCAC	GTACGTGCC	+
ACGTSAY	BHE40_HUMAN.H11MO.0.A	3	0.00101883	0.783478	0.0664086	7	ACGTCAC	GGCACGTGAC	+
ACGTSAY	CREM_HUMAN.H11MO.0.C	2	0.00106326	0.817648	0.0664086	7	ACGTCAC	TGACGTCAGTG	-
ACGTSAY	BMAL1_HUMAN.H11MO.0.A	3	0.00112945	0.868547	0.0677209	7	ACGTCAC	GCCACGTGACT	+
AAAMARAA	CPEB1_HUMAN.H11MO.0.D	3	5.42784e-05	0.0417401	0.0827676	8	AAAAAAAA	AAAAAAAAAAATAAAAA	-
AAAMARAA	SRY_HUMAN.H11MO.0.B	1	0.000284633	0.218883	0.217015	8	AAAAAAAA	AAAACAAAA	-
AAAMARAA	ANDR_HUMAN.H11MO.0.A	8	0.000600778	0.461999	0.28748	8	AAAAAAAA	AGCAAACAAAAAAGAACA	-
AAAMARAA	FUBP1_HUMAN.H11MO.0.D	1	0.000754107	0.579909	0.28748	8	AAAAAAAA	AAAAAAACACAA	-
AAAMARAA	FOXJ3_HUMAN.H11MO.1.B	5	0.00118565	0.911768	0.291401	8	AAAAAAAA	TAAACAAAAACAA	-
GGCTGBR	KLF5_HUMAN.H11MO.0.A	7	0.000118548	0.0911631	0.18077	7	GGCTGGG	AGGGTGGGGCTGGG	+
GGCTGBR	ZN331_HUMAN.H11MO.0.C	0	0.000343588	0.264219	0.261964	7	GGCTGGG	GGCTGGGCTCAGCTGGGTGG	+
GGCTGBR	ZN449_HUMAN.H11MO.0.C	1	0.00111635	0.858476	0.495032	7	GGCTGGG	TGGTTGGGCTT	+
GGCTGBR	KLF1_HUMAN.H11MO.0.A	7	0.00129855	0.998586	0.495032	7	GGCTGGG	GGGGCGGGGCCGGG	+
GAGGCBGA	ZN770_HUMAN.H11MO.1.C	2	6.03372e-06	0.00463993	0.00784241	8	GAGGCTGA	GGGAGGCTGAG	+
GAGGCBGA	ZN770_HUMAN.H11MO.0.C	2	1.01982e-05	0.00784241	0.00784241	8	GAGGCTGA	GGGAGGCTGAGGCGGGAGGATC	+
CGCATGCG	NRF1_HUMAN.H11MO.0.A	5	1.01689e-06	0.000781986	0.000781986	8	CGCATGCG	CACTGCGCATGCGCAGG	+
CAGRWA	TEAD3_HUMAN.H11MO.0.D	5	0.00117447	0.903165	0.475947	6	CAGAAA	TAGAGCAGAAATATC	-
CAGRWA	LYL1_HUMAN.H11MO.0.A	0	0.00128483	0.988033	0.475947	6	CAGAAA	CAGGAAACAGCTGG	-
TGCAGTGR	SOX8_HUMAN.H11MO.0.D	8	0.000389319	0.299387	0.423589	8	TGCAGTGG	GCATCAATTGCAGTGA	-
TGCAGTGR	NR1H3_HUMAN.H11MO.0.B	5	0.00055083	0.423589	0.423589	8	TGCAGTGG	TGACCTGCAGTGACCTCTG	-
RGCTCCGS	THAP1_HUMAN.H11MO.0.C	12	0.00068973	0.530402	0.385937	8	GGCTCCGC	CGCCGCCATCTTGGCTGCGGGC	+
RGCTCCGS	SP4_HUMAN.H11MO.0.A	3	0.000723657	0.556493	0.385937	8	GGCTCCGC	CCCGGCCCCGCCCCCTTCCC	-
RGCTCCGS	SP4_HUMAN.H11MO.1.A	1	0.00114905	0.883616	0.385937	8	GGCTCCGC	CGGCCCCGCCCCCTCC	-
RGCTCCGS	SP1_HUMAN.H11MO.1.A	1	0.00118197	0.908934	0.385937	8	GGCTCCGC	CGGCCCCGCCCCCC	-
GTTTCACY	IRF4_HUMAN.H11MO.0.A	1	0.0012258	0.942642	0.787111	8	GTTTCACC	AGTTTCACTTCCTCTTTT	-
AAATTAGC	VSX2_HUMAN.H11MO.0.D	1	0.000471249	0.362391	0.293522	8	AAATTAGC	TTAATTAGCTTC	+
AAATTAGC	PO2F3_HUMAN.H11MO.0.D	1	0.000659575	0.507213	0.293522	8	AAATTAGC	CAAATTTGCATAAC	-
AAATTAGC	VSX1_HUMAN.H11MO.0.D	0	0.00103126	0.793041	0.293522	8	AAATTAGC	TAATTAGCTAATTT	+
AGCCAATS	CEBPZ_HUMAN.H11MO.0.D	0	4.88119e-08	3.75363e-05	7.50575e-05	8	AGCCAATC	AGCCAATCAGC	-
AGCCAATS	NFYB_HUMAN.H11MO.0.A	1	5.24601e-06	0.00403418	0.00403337	8	AGCCAATC	CAGCCAATCAGAG	+
AGCCAATS	NFYC_HUMAN.H11MO.0.A	2	1.80888e-05	0.0139103	0.00927165	8	AGCCAATC	CTAGCCAATCAGAG	+
AGCCAATS	NFYA_HUMAN.H11MO.0.A	2	4.72828e-05	0.0363605	0.0181766	8	AGCCAATC	TCAGCCAATCAGAA	+
AGCCAATS	PBX3_HUMAN.H11MO.1.A	0	6.06931e-05	0.046673	0.0186654	8	AGCCAATC	TGCCAATCA	-
AGCCAATS	FOXI1_HUMAN.H11MO.0.B	0	0.000162312	0.124818	0.0415974	8	AGCCAATC	GACCAATCAGAG	-
ATCTCGGC	THAP1_HUMAN.H11MO.0.C	7	0.000782019	0.601372	1	8	ATCTCGGC	CGCCGCCATCTTGGCTGCGGGC	+
CTGTCRCC	SMAD2_HUMAN.H11MO.0.A	3	0.000364157	0.280037	0.425521	8	CTGTCGCC	TGTCTGTCACCT	+
CTGTCRCC	SMAD4_HUMAN.H11MO.0.B	4	0.000553343	0.425521	0.425521	8	CTGTCGCC	CTGTCTGGCACCT	+

# Tomtom (Motif Comparison Tool): Version 5.1.1 compiled on Feb  1 2020 at 23:13:16
# The format of this file is described at http://meme-suite.org//doc/tomtom-output-format.html.
# tomtom -verbosity 1 -oc dreme_tomtom_out -min-overlap 5 -dist pearson -evalue -thresh 1 -no-ssc dreme_out/dreme.xml db/HUMAN/HOCOMOCOv11_full_HUMAN_mono_meme_format.meme
